GPUS,CONFIG,SYNC,ID,DIRECTION,NAME,CYCLE
GPU_1_Buffer_1,V100_downscaled_HBM2_PCI6x1_write_prio_debug,0,8199,backward,others,6359
GPU_1_Buffer_1,V100_downscaled_HBM2_PCI6x1_write_prio_debug,0,8199,backward,NDP_OP,0
GPU_1_Buffer_1,V100_downscaled_HBM2_PCI6x1_write_prio_debug,0,8200,backward,dwFC,41532
GPU_1_Buffer_1,V100_downscaled_HBM2_PCI6x1_write_prio_debug,0,8200,backward,NDP_OP,0
GPU_1_Buffer_1,V100_downscaled_HBM2_PCI6x1_write_prio_debug,0,8201,backward,dxFC,51497
GPU_1_Buffer_1,V100_downscaled_HBM2_PCI6x1_write_prio_debug,0,8201,backward,NDP_OP,0
GPU_1_Buffer_1,V100_downscaled_HBM2_PCI6x1_write_prio_debug,0,8202,backward,Fusion,6831
GPU_1_Buffer_1,V100_downscaled_HBM2_PCI6x1_write_prio_debug,0,8202,backward,NDP_OP,0
GPU_1_Buffer_1,V100_downscaled_HBM2_PCI6x1_write_prio_debug,0,8203,backward,dxFC,66909
GPU_1_Buffer_1,V100_downscaled_HBM2_PCI6x1_write_prio_debug,0,8203,backward,NDP_OP,0
GPU_1_Buffer_1,V100_downscaled_HBM2_PCI6x1_write_prio_debug,0,8204,backward,Fusion(Biasadd),11820
GPU_1_Buffer_1,V100_downscaled_HBM2_PCI6x1_write_prio_debug,0,8204,backward,NDP_OP,0
GPU_1_Buffer_1,V100_downscaled_HBM2_PCI6x1_write_prio_debug,0,8205,backward,dwFC,42573
GPU_1_Buffer_1,V100_downscaled_HBM2_PCI6x1_write_prio_debug,0,8205,backward,NDP_OP,0
GPU_1_Buffer_1,V100_downscaled_HBM2_PCI6x1_write_prio_debug,0,8206,backward,Fusion(LN+Gelu),76812
GPU_1_Buffer_1,V100_downscaled_HBM2_PCI6x1_write_prio_debug,0,8206,backward,NDP_OP,0
GPU_1_Buffer_1,V100_downscaled_HBM2_PCI6x1_write_prio_debug,0,8207,backward,Fusion(LN),25982
GPU_1_Buffer_1,V100_downscaled_HBM2_PCI6x1_write_prio_debug,0,8207,backward,NDP_OP,0
GPU_1_Buffer_1,V100_downscaled_HBM2_PCI6x1_write_prio_debug,0,8208,backward,Fusion(LN),32606
GPU_1_Buffer_1,V100_downscaled_HBM2_PCI6x1_write_prio_debug,0,8208,backward,NDP_OP,0
GPU_1_Buffer_1,V100_downscaled_HBM2_PCI6x1_write_prio_debug,0,8209,backward,Fusion,217115
GPU_1_Buffer_1,V100_downscaled_HBM2_PCI6x1_write_prio_debug,0,8209,backward,NDP_OP,0
GPU_1_Buffer_1,V100_downscaled_HBM2_PCI6x1_write_prio_debug,0,8210,backward,dxFC,7621303
GPU_1_Buffer_1,V100_downscaled_HBM2_PCI6x1_write_prio_debug,0,8210,backward,NDP_OP,0
GPU_1_Buffer_1,V100_downscaled_HBM2_PCI6x1_write_prio_debug,0,8211,backward,Fusion(Loss+Biasadd),657217
GPU_1_Buffer_1,V100_downscaled_HBM2_PCI6x1_write_prio_debug,0,8211,backward,NDP_OP,0
GPU_1_Buffer_1,V100_downscaled_HBM2_PCI6x1_write_prio_debug,0,8212,backward,Fusion(Biasadd),757769
GPU_1_Buffer_1,V100_downscaled_HBM2_PCI6x1_write_prio_debug,0,8212,backward,NDP_OP,0
GPU_1_Buffer_1,V100_downscaled_HBM2_PCI6x1_write_prio_debug,0,8213,backward,Fusion(Biasadd),6268
GPU_1_Buffer_1,V100_downscaled_HBM2_PCI6x1_write_prio_debug,0,8213,backward,NDP_OP,0
GPU_1_Buffer_1,V100_downscaled_HBM2_PCI6x1_write_prio_debug,0,8214,backward,others,869360
GPU_1_Buffer_1,V100_downscaled_HBM2_PCI6x1_write_prio_debug,0,8214,backward,NDP_OP,0
GPU_1_Buffer_1,V100_downscaled_HBM2_PCI6x1_write_prio_debug,0,8215,backward,Fusion(Loss+Biasadd),2078625
GPU_1_Buffer_1,V100_downscaled_HBM2_PCI6x1_write_prio_debug,0,8215,backward,NDP_OP,0
GPU_1_Buffer_1,V100_downscaled_HBM2_PCI6x1_write_prio_debug,0,8216,backward,others,10300
GPU_1_Buffer_1,V100_downscaled_HBM2_PCI6x1_write_prio_debug,0,8216,backward,NDP_OP,0
GPU_1_Buffer_1,V100_downscaled_HBM2_PCI6x1_write_prio_debug,0,8217,backward,Fusion(Loss+Biasadd),623259
GPU_1_Buffer_1,V100_downscaled_HBM2_PCI6x1_write_prio_debug,0,8217,backward,NDP_OP,0
GPU_1_Buffer_1,V100_downscaled_HBM2_PCI6x1_write_prio_debug,0,8218,backward,Fusion(Loss),18638
GPU_1_Buffer_1,V100_downscaled_HBM2_PCI6x1_write_prio_debug,0,8218,backward,NDP_OP,0
GPU_1_Buffer_1,V100_downscaled_HBM2_PCI6x1_write_prio_debug,0,8219,backward,Fusion(LN),9148
GPU_1_Buffer_1,V100_downscaled_HBM2_PCI6x1_write_prio_debug,0,8219,backward,NDP_OP,0
GPU_1_Buffer_1,V100_downscaled_HBM2_PCI6x1_write_prio_debug,0,8220,backward,Fusion(Loss+Biasadd),2057802
GPU_1_Buffer_1,V100_downscaled_HBM2_PCI6x1_write_prio_debug,0,8220,backward,NDP_OP,0
GPU_1_Buffer_1,V100_downscaled_HBM2_PCI6x1_write_prio_debug,0,8221,backward,Fusion(Loss+Dropout),1704689
GPU_1_Buffer_1,V100_downscaled_HBM2_PCI6x1_write_prio_debug,0,8221,backward,NDP_OP,0
GPU_1_Buffer_1,V100_downscaled_HBM2_PCI6x1_write_prio_debug,0,8222,backward,GEMM,4181082
GPU_1_Buffer_1,V100_downscaled_HBM2_PCI6x1_write_prio_debug,0,8222,backward,NDP_OP,0
GPU_1_Buffer_1,V100_downscaled_HBM2_PCI6x1_write_prio_debug,0,8223,backward,dwFC,2766204
GPU_1_Buffer_1,V100_downscaled_HBM2_PCI6x1_write_prio_debug,0,8223,backward,NDP_OP,0
GPU_1_Buffer_1,V100_downscaled_HBM2_PCI6x1_write_prio_debug,0,8224,backward,Fusion(LN),52872
GPU_1_Buffer_1,V100_downscaled_HBM2_PCI6x1_write_prio_debug,0,8224,backward,NDP_OP,0
GPU_1_Buffer_1,V100_downscaled_HBM2_PCI6x1_write_prio_debug,0,8225,backward,Fusion(LN+Gelu+Biasadd),124709
GPU_1_Buffer_1,V100_downscaled_HBM2_PCI6x1_write_prio_debug,0,8225,backward,NDP_OP,0
GPU_1_Buffer_1,V100_downscaled_HBM2_PCI6x1_write_prio_debug,0,8226,backward,dwFC,104300
GPU_1_Buffer_1,V100_downscaled_HBM2_PCI6x1_write_prio_debug,0,8226,backward,NDP_OP,0
GPU_1_Buffer_1,V100_downscaled_HBM2_PCI6x1_write_prio_debug,0,8227,backward,dxFC,141550
GPU_1_Buffer_1,V100_downscaled_HBM2_PCI6x1_write_prio_debug,0,8227,backward,NDP_OP,0
GPU_1_Buffer_1,V100_downscaled_HBM2_PCI6x1_write_prio_debug,0,8228,backward,Fusion(Dropout),83799
GPU_1_Buffer_1,V100_downscaled_HBM2_PCI6x1_write_prio_debug,0,8228,backward,NDP_OP,0
GPU_1_Buffer_1,V100_downscaled_HBM2_PCI6x1_write_prio_debug,0,8229,backward,others,81243
GPU_1_Buffer_1,V100_downscaled_HBM2_PCI6x1_write_prio_debug,0,8229,backward,NDP_OP,0
GPU_1_Buffer_1,V100_downscaled_HBM2_PCI6x1_write_prio_debug,0,8230,backward,others,335482
GPU_1_Buffer_1,V100_downscaled_HBM2_PCI6x1_write_prio_debug,0,8230,backward,NDP_OP,0
GPU_1_Buffer_1,V100_downscaled_HBM2_PCI6x1_write_prio_debug,0,8231,backward,dwFC,2812595
GPU_1_Buffer_1,V100_downscaled_HBM2_PCI6x1_write_prio_debug,0,8231,backward,NDP_OP,0
GPU_1_Buffer_1,V100_downscaled_HBM2_PCI6x1_write_prio_debug,0,8232,backward,dxFC,4657904
GPU_1_Buffer_1,V100_downscaled_HBM2_PCI6x1_write_prio_debug,0,8232,backward,NDP_OP,0
GPU_1_Buffer_1,V100_downscaled_HBM2_PCI6x1_write_prio_debug,0,8233,backward,Fusion(Dropout+Gelu),2050243
GPU_1_Buffer_1,V100_downscaled_HBM2_PCI6x1_write_prio_debug,0,8233,backward,NDP_OP,0
GPU_1_Buffer_1,V100_downscaled_HBM2_PCI6x1_write_prio_debug,0,8234,backward,Fusion,839509
GPU_1_Buffer_1,V100_downscaled_HBM2_PCI6x1_write_prio_debug,0,8234,backward,NDP_OP,0
GPU_1_Buffer_1,V100_downscaled_HBM2_PCI6x1_write_prio_debug,0,8235,backward,Fusion,6788
GPU_1_Buffer_1,V100_downscaled_HBM2_PCI6x1_write_prio_debug,0,8235,backward,NDP_OP,0
GPU_1_Buffer_1,V100_downscaled_HBM2_PCI6x1_write_prio_debug,0,8236,backward,dxFC,2936713
GPU_1_Buffer_1,V100_downscaled_HBM2_PCI6x1_write_prio_debug,0,8236,backward,NDP_OP,0
GPU_1_Buffer_1,V100_downscaled_HBM2_PCI6x1_write_prio_debug,0,8237,backward,Fusion,295578
GPU_1_Buffer_1,V100_downscaled_HBM2_PCI6x1_write_prio_debug,0,8237,backward,NDP_OP,0
GPU_1_Buffer_1,V100_downscaled_HBM2_PCI6x1_write_prio_debug,0,8238,backward,dwFC,955805
GPU_1_Buffer_1,V100_downscaled_HBM2_PCI6x1_write_prio_debug,0,8238,backward,NDP_OP,0
GPU_1_Buffer_1,V100_downscaled_HBM2_PCI6x1_write_prio_debug,0,8239,backward,dxFC,608408
GPU_1_Buffer_1,V100_downscaled_HBM2_PCI6x1_write_prio_debug,0,8239,backward,NDP_OP,751
GPU_1_Buffer_1,V100_downscaled_HBM2_PCI6x1_write_prio_debug,0,8240,backward,Fusion,25309
GPU_1_Buffer_1,V100_downscaled_HBM2_PCI6x1_write_prio_debug,0,8240,backward,NDP_OP,0
GPU_1_Buffer_1,V100_downscaled_HBM2_PCI6x1_write_prio_debug,0,8241,backward,Fusion,351677
GPU_1_Buffer_1,V100_downscaled_HBM2_PCI6x1_write_prio_debug,0,8241,backward,NDP_OP,0
GPU_1_Buffer_1,V100_downscaled_HBM2_PCI6x1_write_prio_debug,0,8242,backward,GEMM,1448374
GPU_1_Buffer_1,V100_downscaled_HBM2_PCI6x1_write_prio_debug,0,8242,backward,NDP_OP,0
GPU_1_Buffer_1,V100_downscaled_HBM2_PCI6x1_write_prio_debug,0,8243,backward,Fusion,230781
GPU_1_Buffer_1,V100_downscaled_HBM2_PCI6x1_write_prio_debug,0,8243,backward,NDP_OP,0
GPU_1_Buffer_1,V100_downscaled_HBM2_PCI6x1_write_prio_debug,0,8244,backward,Fusion,112383
GPU_1_Buffer_1,V100_downscaled_HBM2_PCI6x1_write_prio_debug,0,8244,backward,NDP_OP,0
GPU_1_Buffer_1,V100_downscaled_HBM2_PCI6x1_write_prio_debug,0,8245,backward,Fusion,6769
GPU_1_Buffer_1,V100_downscaled_HBM2_PCI6x1_write_prio_debug,0,8245,backward,NDP_OP,0
GPU_1_Buffer_1,V100_downscaled_HBM2_PCI6x1_write_prio_debug,0,8246,backward,Fusion,348556
GPU_1_Buffer_1,V100_downscaled_HBM2_PCI6x1_write_prio_debug,0,8246,backward,NDP_OP,0
GPU_1_Buffer_1,V100_downscaled_HBM2_PCI6x1_write_prio_debug,0,8247,backward,dxFC,549332
GPU_1_Buffer_1,V100_downscaled_HBM2_PCI6x1_write_prio_debug,0,8247,backward,NDP_OP,0
GPU_1_Buffer_1,V100_downscaled_HBM2_PCI6x1_write_prio_debug,0,8248,backward,Fusion,354183
GPU_1_Buffer_1,V100_downscaled_HBM2_PCI6x1_write_prio_debug,0,8248,backward,NDP_OP,0
GPU_1_Buffer_1,V100_downscaled_HBM2_PCI6x1_write_prio_debug,0,8249,backward,GEMM,897090
GPU_1_Buffer_1,V100_downscaled_HBM2_PCI6x1_write_prio_debug,0,8249,backward,NDP_OP,0
GPU_1_Buffer_1,V100_downscaled_HBM2_PCI6x1_write_prio_debug,0,8250,backward,Fusion,25423
GPU_1_Buffer_1,V100_downscaled_HBM2_PCI6x1_write_prio_debug,0,8250,backward,NDP_OP,0
GPU_1_Buffer_1,V100_downscaled_HBM2_PCI6x1_write_prio_debug,0,8251,backward,Fusion,768220
GPU_1_Buffer_1,V100_downscaled_HBM2_PCI6x1_write_prio_debug,0,8251,backward,NDP_OP,0
GPU_1_Buffer_1,V100_downscaled_HBM2_PCI6x1_write_prio_debug,0,8252,backward,dwFC,4523518
GPU_1_Buffer_1,V100_downscaled_HBM2_PCI6x1_write_prio_debug,0,8252,backward,NDP_OP,0
GPU_1_Buffer_1,V100_downscaled_HBM2_PCI6x1_write_prio_debug,0,8253,backward,GEMM,1304415
GPU_1_Buffer_1,V100_downscaled_HBM2_PCI6x1_write_prio_debug,0,8253,backward,NDP_OP,0
GPU_1_Buffer_1,V100_downscaled_HBM2_PCI6x1_write_prio_debug,0,8254,backward,Fusion(Dropout+Softmax),5616972
GPU_1_Buffer_1,V100_downscaled_HBM2_PCI6x1_write_prio_debug,0,8254,backward,NDP_OP,0
GPU_1_Buffer_1,V100_downscaled_HBM2_PCI6x1_write_prio_debug,0,8255,backward,others,1910432
GPU_1_Buffer_1,V100_downscaled_HBM2_PCI6x1_write_prio_debug,0,8255,backward,NDP_OP,0
GPU_1_Buffer_1,V100_downscaled_HBM2_PCI6x1_write_prio_debug,0,8256,backward,Fusion(Dropout+Softmax),4514538
GPU_1_Buffer_1,V100_downscaled_HBM2_PCI6x1_write_prio_debug,0,8256,backward,NDP_OP,0
GPU_1_Buffer_1,V100_downscaled_HBM2_PCI6x1_write_prio_debug,0,8257,backward,GEMM,1923944
GPU_1_Buffer_1,V100_downscaled_HBM2_PCI6x1_write_prio_debug,0,8257,backward,NDP_OP,0
GPU_1_Buffer_1,V100_downscaled_HBM2_PCI6x1_write_prio_debug,0,8258,backward,dwFC,1382339
GPU_1_Buffer_1,V100_downscaled_HBM2_PCI6x1_write_prio_debug,0,8258,backward,NDP_OP,0
GPU_1_Buffer_1,V100_downscaled_HBM2_PCI6x1_write_prio_debug,0,8259,backward,Fusion,131977
GPU_1_Buffer_1,V100_downscaled_HBM2_PCI6x1_write_prio_debug,0,8259,backward,NDP_OP,0
GPU_1_Buffer_1,V100_downscaled_HBM2_PCI6x1_write_prio_debug,0,8260,backward,Fusion,10124
GPU_1_Buffer_1,V100_downscaled_HBM2_PCI6x1_write_prio_debug,0,8260,backward,NDP_OP,0
GPU_1_Buffer_1,V100_downscaled_HBM2_PCI6x1_write_prio_debug,0,8261,backward,Fusion,134554
GPU_1_Buffer_1,V100_downscaled_HBM2_PCI6x1_write_prio_debug,0,8261,backward,NDP_OP,0
GPU_1_Buffer_1,V100_downscaled_HBM2_PCI6x1_write_prio_debug,0,8262,backward,Fusion,10124
GPU_1_Buffer_1,V100_downscaled_HBM2_PCI6x1_write_prio_debug,0,8262,backward,NDP_OP,0
GPU_1_Buffer_1,V100_downscaled_HBM2_PCI6x1_write_prio_debug,0,8263,backward,Fusion,222212
GPU_1_Buffer_1,V100_downscaled_HBM2_PCI6x1_write_prio_debug,0,8263,backward,NDP_OP,0
GPU_1_Buffer_1,V100_downscaled_HBM2_PCI6x1_write_prio_debug,0,8264,backward,dxFC,534633
GPU_1_Buffer_1,V100_downscaled_HBM2_PCI6x1_write_prio_debug,0,8264,backward,NDP_OP,0
GPU_1_Buffer_1,V100_downscaled_HBM2_PCI6x1_write_prio_debug,0,8265,backward,Fusion,512448
GPU_1_Buffer_1,V100_downscaled_HBM2_PCI6x1_write_prio_debug,0,8265,backward,NDP_OP,0
GPU_1_Buffer_1,V100_downscaled_HBM2_PCI6x1_write_prio_debug,0,8266,backward,GEMM,928737
GPU_1_Buffer_1,V100_downscaled_HBM2_PCI6x1_write_prio_debug,0,8266,backward,NDP_OP,0
GPU_1_Buffer_1,V100_downscaled_HBM2_PCI6x1_write_prio_debug,0,8267,backward,Fusion,25448
GPU_1_Buffer_1,V100_downscaled_HBM2_PCI6x1_write_prio_debug,0,8267,backward,NDP_OP,0
GPU_1_Buffer_1,V100_downscaled_HBM2_PCI6x1_write_prio_debug,0,8268,backward,Fusion,223646
GPU_1_Buffer_1,V100_downscaled_HBM2_PCI6x1_write_prio_debug,0,8268,backward,NDP_OP,0
GPU_1_Buffer_1,V100_downscaled_HBM2_PCI6x1_write_prio_debug,0,8269,backward,dxFC,537033
GPU_1_Buffer_1,V100_downscaled_HBM2_PCI6x1_write_prio_debug,0,8269,backward,NDP_OP,0
GPU_1_Buffer_1,V100_downscaled_HBM2_PCI6x1_write_prio_debug,0,8270,backward,dwFC,2885589
GPU_1_Buffer_1,V100_downscaled_HBM2_PCI6x1_write_prio_debug,0,8270,backward,NDP_OP,0
GPU_1_Buffer_1,V100_downscaled_HBM2_PCI6x1_write_prio_debug,0,8271,backward,Fusion,506831
GPU_1_Buffer_1,V100_downscaled_HBM2_PCI6x1_write_prio_debug,0,8271,backward,NDP_OP,0
GPU_1_Buffer_1,V100_downscaled_HBM2_PCI6x1_write_prio_debug,0,8272,backward,GEMM,917753
GPU_1_Buffer_1,V100_downscaled_HBM2_PCI6x1_write_prio_debug,0,8272,backward,NDP_OP,0
GPU_1_Buffer_1,V100_downscaled_HBM2_PCI6x1_write_prio_debug,0,8273,backward,Fusion,25357
GPU_1_Buffer_1,V100_downscaled_HBM2_PCI6x1_write_prio_debug,0,8273,backward,NDP_OP,0
GPU_1_Buffer_1,V100_downscaled_HBM2_PCI6x1_write_prio_debug,0,8274,backward,dxFC,4611472
GPU_1_Buffer_1,V100_downscaled_HBM2_PCI6x1_write_prio_debug,0,8274,backward,NDP_OP,0
GPU_1_Buffer_1,V100_downscaled_HBM2_PCI6x1_write_prio_debug,0,8275,backward,Fusion(Dropout+Gelu),2024759
GPU_1_Buffer_1,V100_downscaled_HBM2_PCI6x1_write_prio_debug,0,8275,backward,NDP_OP,0
GPU_1_Buffer_1,V100_downscaled_HBM2_PCI6x1_write_prio_debug,0,8276,backward,Fusion,834813
GPU_1_Buffer_1,V100_downscaled_HBM2_PCI6x1_write_prio_debug,0,8276,backward,NDP_OP,0
GPU_1_Buffer_1,V100_downscaled_HBM2_PCI6x1_write_prio_debug,0,8277,backward,Fusion,6797
GPU_1_Buffer_1,V100_downscaled_HBM2_PCI6x1_write_prio_debug,0,8277,backward,NDP_OP,0
GPU_1_Buffer_1,V100_downscaled_HBM2_PCI6x1_write_prio_debug,0,8278,backward,dxFC,2924163
GPU_1_Buffer_1,V100_downscaled_HBM2_PCI6x1_write_prio_debug,0,8278,backward,NDP_OP,0
GPU_1_Buffer_1,V100_downscaled_HBM2_PCI6x1_write_prio_debug,0,8279,backward,Fusion,296075
GPU_1_Buffer_1,V100_downscaled_HBM2_PCI6x1_write_prio_debug,0,8279,backward,NDP_OP,0
GPU_1_Buffer_1,V100_downscaled_HBM2_PCI6x1_write_prio_debug,0,8280,backward,dwFC,956828
GPU_1_Buffer_1,V100_downscaled_HBM2_PCI6x1_write_prio_debug,0,8280,backward,NDP_OP,0
GPU_1_Buffer_1,V100_downscaled_HBM2_PCI6x1_write_prio_debug,0,8281,backward,dxFC,589704
GPU_1_Buffer_1,V100_downscaled_HBM2_PCI6x1_write_prio_debug,0,8281,backward,NDP_OP,0
GPU_1_Buffer_1,V100_downscaled_HBM2_PCI6x1_write_prio_debug,0,8282,backward,Fusion,25457
GPU_1_Buffer_1,V100_downscaled_HBM2_PCI6x1_write_prio_debug,0,8282,backward,NDP_OP,0
GPU_1_Buffer_1,V100_downscaled_HBM2_PCI6x1_write_prio_debug,0,8283,backward,Fusion,353033
GPU_1_Buffer_1,V100_downscaled_HBM2_PCI6x1_write_prio_debug,0,8283,backward,NDP_OP,0
GPU_1_Buffer_1,V100_downscaled_HBM2_PCI6x1_write_prio_debug,0,8284,backward,GEMM,1448144
GPU_1_Buffer_1,V100_downscaled_HBM2_PCI6x1_write_prio_debug,0,8284,backward,NDP_OP,0
GPU_1_Buffer_1,V100_downscaled_HBM2_PCI6x1_write_prio_debug,0,8285,backward,Fusion,229704
GPU_1_Buffer_1,V100_downscaled_HBM2_PCI6x1_write_prio_debug,0,8285,backward,NDP_OP,0
GPU_1_Buffer_1,V100_downscaled_HBM2_PCI6x1_write_prio_debug,0,8286,backward,Fusion,111851
GPU_1_Buffer_1,V100_downscaled_HBM2_PCI6x1_write_prio_debug,0,8286,backward,NDP_OP,0
GPU_1_Buffer_1,V100_downscaled_HBM2_PCI6x1_write_prio_debug,0,8287,backward,Fusion,6770
GPU_1_Buffer_1,V100_downscaled_HBM2_PCI6x1_write_prio_debug,0,8287,backward,NDP_OP,0
GPU_1_Buffer_1,V100_downscaled_HBM2_PCI6x1_write_prio_debug,0,8288,backward,Fusion,352375
GPU_1_Buffer_1,V100_downscaled_HBM2_PCI6x1_write_prio_debug,0,8288,backward,NDP_OP,0
GPU_1_Buffer_1,V100_downscaled_HBM2_PCI6x1_write_prio_debug,0,8289,backward,dxFC,551236
GPU_1_Buffer_1,V100_downscaled_HBM2_PCI6x1_write_prio_debug,0,8289,backward,NDP_OP,0
GPU_1_Buffer_1,V100_downscaled_HBM2_PCI6x1_write_prio_debug,0,8290,backward,Fusion,356154
GPU_1_Buffer_1,V100_downscaled_HBM2_PCI6x1_write_prio_debug,0,8290,backward,NDP_OP,0
GPU_1_Buffer_1,V100_downscaled_HBM2_PCI6x1_write_prio_debug,0,8291,backward,GEMM,932810
GPU_1_Buffer_1,V100_downscaled_HBM2_PCI6x1_write_prio_debug,0,8291,backward,NDP_OP,0
GPU_1_Buffer_1,V100_downscaled_HBM2_PCI6x1_write_prio_debug,0,8292,backward,Fusion,25401
GPU_1_Buffer_1,V100_downscaled_HBM2_PCI6x1_write_prio_debug,0,8292,backward,NDP_OP,0
GPU_1_Buffer_1,V100_downscaled_HBM2_PCI6x1_write_prio_debug,0,8293,backward,Fusion,747422
GPU_1_Buffer_1,V100_downscaled_HBM2_PCI6x1_write_prio_debug,0,8293,backward,NDP_OP,0
GPU_1_Buffer_1,V100_downscaled_HBM2_PCI6x1_write_prio_debug,0,8294,backward,dwFC,4529648
GPU_1_Buffer_1,V100_downscaled_HBM2_PCI6x1_write_prio_debug,0,8294,backward,NDP_OP,0
GPU_1_Buffer_1,V100_downscaled_HBM2_PCI6x1_write_prio_debug,0,8295,backward,GEMM,1300633
GPU_1_Buffer_1,V100_downscaled_HBM2_PCI6x1_write_prio_debug,0,8295,backward,NDP_OP,0
GPU_1_Buffer_1,V100_downscaled_HBM2_PCI6x1_write_prio_debug,0,8296,backward,Fusion(Dropout+Softmax),5622757
GPU_1_Buffer_1,V100_downscaled_HBM2_PCI6x1_write_prio_debug,0,8296,backward,NDP_OP,0
GPU_1_Buffer_1,V100_downscaled_HBM2_PCI6x1_write_prio_debug,0,8297,backward,others,1913297
GPU_1_Buffer_1,V100_downscaled_HBM2_PCI6x1_write_prio_debug,0,8297,backward,NDP_OP,0
GPU_1_Buffer_1,V100_downscaled_HBM2_PCI6x1_write_prio_debug,0,8298,backward,Fusion(Dropout+Softmax),4488863
GPU_1_Buffer_1,V100_downscaled_HBM2_PCI6x1_write_prio_debug,0,8298,backward,NDP_OP,0
GPU_1_Buffer_1,V100_downscaled_HBM2_PCI6x1_write_prio_debug,0,8299,backward,GEMM,1919132
GPU_1_Buffer_1,V100_downscaled_HBM2_PCI6x1_write_prio_debug,0,8299,backward,NDP_OP,0
GPU_1_Buffer_1,V100_downscaled_HBM2_PCI6x1_write_prio_debug,0,8300,backward,dwFC,1362046
GPU_1_Buffer_1,V100_downscaled_HBM2_PCI6x1_write_prio_debug,0,8300,backward,NDP_OP,0
GPU_1_Buffer_1,V100_downscaled_HBM2_PCI6x1_write_prio_debug,0,8301,backward,Fusion,132244
GPU_1_Buffer_1,V100_downscaled_HBM2_PCI6x1_write_prio_debug,0,8301,backward,NDP_OP,0
GPU_1_Buffer_1,V100_downscaled_HBM2_PCI6x1_write_prio_debug,0,8302,backward,Fusion,10124
GPU_1_Buffer_1,V100_downscaled_HBM2_PCI6x1_write_prio_debug,0,8302,backward,NDP_OP,0
GPU_1_Buffer_1,V100_downscaled_HBM2_PCI6x1_write_prio_debug,0,8303,backward,Fusion,131675
GPU_1_Buffer_1,V100_downscaled_HBM2_PCI6x1_write_prio_debug,0,8303,backward,NDP_OP,0
GPU_1_Buffer_1,V100_downscaled_HBM2_PCI6x1_write_prio_debug,0,8304,backward,Fusion,10124
GPU_1_Buffer_1,V100_downscaled_HBM2_PCI6x1_write_prio_debug,0,8304,backward,NDP_OP,0
GPU_1_Buffer_1,V100_downscaled_HBM2_PCI6x1_write_prio_debug,0,8305,backward,Fusion,221922
GPU_1_Buffer_1,V100_downscaled_HBM2_PCI6x1_write_prio_debug,0,8305,backward,NDP_OP,0
GPU_1_Buffer_1,V100_downscaled_HBM2_PCI6x1_write_prio_debug,0,8306,backward,dxFC,547081
GPU_1_Buffer_1,V100_downscaled_HBM2_PCI6x1_write_prio_debug,0,8306,backward,NDP_OP,0
GPU_1_Buffer_1,V100_downscaled_HBM2_PCI6x1_write_prio_debug,0,8307,backward,Fusion,517248
GPU_1_Buffer_1,V100_downscaled_HBM2_PCI6x1_write_prio_debug,0,8307,backward,NDP_OP,0
GPU_1_Buffer_1,V100_downscaled_HBM2_PCI6x1_write_prio_debug,0,8308,backward,GEMM,913112
GPU_1_Buffer_1,V100_downscaled_HBM2_PCI6x1_write_prio_debug,0,8308,backward,NDP_OP,0
GPU_1_Buffer_1,V100_downscaled_HBM2_PCI6x1_write_prio_debug,0,8309,backward,Fusion,25415
GPU_1_Buffer_1,V100_downscaled_HBM2_PCI6x1_write_prio_debug,0,8309,backward,NDP_OP,0
GPU_1_Buffer_1,V100_downscaled_HBM2_PCI6x1_write_prio_debug,0,8310,backward,Fusion,222635
GPU_1_Buffer_1,V100_downscaled_HBM2_PCI6x1_write_prio_debug,0,8310,backward,NDP_OP,0
GPU_1_Buffer_1,V100_downscaled_HBM2_PCI6x1_write_prio_debug,0,8311,backward,dxFC,557206
GPU_1_Buffer_1,V100_downscaled_HBM2_PCI6x1_write_prio_debug,0,8311,backward,NDP_OP,0
GPU_1_Buffer_1,V100_downscaled_HBM2_PCI6x1_write_prio_debug,0,8312,backward,Fusion(Dropout),829758
GPU_1_Buffer_1,V100_downscaled_HBM2_PCI6x1_write_prio_debug,0,8312,backward,NDP_OP,0
GPU_1_Buffer_1,V100_downscaled_HBM2_PCI6x1_write_prio_debug,0,8313,backward,cudnn,11247091
GPU_1_Buffer_1,V100_downscaled_HBM2_PCI6x1_write_prio_debug,0,8313,backward,NDP_OP,0
GPU_1_Buffer_1,V100_downscaled_HBM2_PCI6x1_write_prio_debug,0,8314,backward,Fusion,291812
GPU_1_Buffer_1,V100_downscaled_HBM2_PCI6x1_write_prio_debug,0,8314,backward,NDP_OP,0
GPU_1_Buffer_1,V100_downscaled_HBM2_PCI6x1_write_prio_debug,0,8315,backward,dwFC,1260806
GPU_1_Buffer_1,V100_downscaled_HBM2_PCI6x1_write_prio_debug,0,8315,backward,NDP_OP,0
GPU_1_Buffer_1,V100_downscaled_HBM2_PCI6x1_write_prio_debug,0,8316,backward,Fusion,518327
GPU_1_Buffer_1,V100_downscaled_HBM2_PCI6x1_write_prio_debug,0,8316,backward,NDP_OP,0
GPU_1_Buffer_1,V100_downscaled_HBM2_PCI6x1_write_prio_debug,0,8317,backward,GEMM,906869
GPU_1_Buffer_1,V100_downscaled_HBM2_PCI6x1_write_prio_debug,0,8317,backward,NDP_OP,0
GPU_1_Buffer_1,V100_downscaled_HBM2_PCI6x1_write_prio_debug,0,8318,backward,Fusion,25230
GPU_1_Buffer_1,V100_downscaled_HBM2_PCI6x1_write_prio_debug,0,8318,backward,NDP_OP,0
GPU_1_Buffer_1,V100_downscaled_HBM2_PCI6x1_write_prio_debug,0,8319,backward,Fusion,187718
GPU_1_Buffer_1,V100_downscaled_HBM2_PCI6x1_write_prio_debug,0,8319,backward,NDP_OP,0
GPU_1_Buffer_1,V100_downscaled_HBM2_PCI6x1_write_prio_debug,0,8320,backward,Fusion,1054308
GPU_1_Buffer_1,V100_downscaled_HBM2_PCI6x1_write_prio_debug,0,8320,backward,NDP_OP,0
GPU_1_Buffer_1,V100_downscaled_HBM2_PCI6x1_write_prio_debug,0,8321,backward,others,246642
GPU_1_Buffer_1,V100_downscaled_HBM2_PCI6x1_write_prio_debug,0,8321,backward,NDP_OP,0
