GPUS,CONFIG,SYNC,ID,DIRECTION,NAME,CYCLE
GPU_1_Buffer_1,V100_downscaled_HBM2_PCI6x1_write_prio_debug,0,8199,backward,pad_4,6359
GPU_1_Buffer_1,V100_downscaled_HBM2_PCI6x1_write_prio_debug,0,8199,backward,NDP_OP,0
GPU_1_Buffer_1,V100_downscaled_HBM2_PCI6x1_write_prio_debug,0,8200,backward,turing_fp16_s1688gemm_fp16_256x128_ldg8_f2f_nt,41532
GPU_1_Buffer_1,V100_downscaled_HBM2_PCI6x1_write_prio_debug,0,8200,backward,NDP_OP,0
GPU_1_Buffer_1,V100_downscaled_HBM2_PCI6x1_write_prio_debug,0,8201,backward,turing_fp16_s1688gemm_fp16_128x128_ldg8_f2f_tn,51497
GPU_1_Buffer_1,V100_downscaled_HBM2_PCI6x1_write_prio_debug,0,8201,backward,NDP_OP,0
GPU_1_Buffer_1,V100_downscaled_HBM2_PCI6x1_write_prio_debug,0,8202,backward,fusion_116,6831
GPU_1_Buffer_1,V100_downscaled_HBM2_PCI6x1_write_prio_debug,0,8202,backward,NDP_OP,0
GPU_1_Buffer_1,V100_downscaled_HBM2_PCI6x1_write_prio_debug,0,8203,backward,turing_fp16_s884gemm_fp16_64x64_ldg8_f2f_tn,66909
GPU_1_Buffer_1,V100_downscaled_HBM2_PCI6x1_write_prio_debug,0,8203,backward,NDP_OP,0
GPU_1_Buffer_1,V100_downscaled_HBM2_PCI6x1_write_prio_debug,0,8204,backward,fusion_115,11820
GPU_1_Buffer_1,V100_downscaled_HBM2_PCI6x1_write_prio_debug,0,8204,backward,NDP_OP,0
GPU_1_Buffer_1,V100_downscaled_HBM2_PCI6x1_write_prio_debug,0,8205,backward,turing_fp16_s884gemm_fp16_64x64_ldg8_f2f_nt,42573
GPU_1_Buffer_1,V100_downscaled_HBM2_PCI6x1_write_prio_debug,0,8205,backward,NDP_OP,0
GPU_1_Buffer_1,V100_downscaled_HBM2_PCI6x1_write_prio_debug,0,8206,backward,fusion_109,76812
GPU_1_Buffer_1,V100_downscaled_HBM2_PCI6x1_write_prio_debug,0,8206,backward,NDP_OP,0
GPU_1_Buffer_1,V100_downscaled_HBM2_PCI6x1_write_prio_debug,0,8207,backward,fusion_106,25982
GPU_1_Buffer_1,V100_downscaled_HBM2_PCI6x1_write_prio_debug,0,8207,backward,NDP_OP,0
GPU_1_Buffer_1,V100_downscaled_HBM2_PCI6x1_write_prio_debug,0,8208,backward,fusion_104,32606
GPU_1_Buffer_1,V100_downscaled_HBM2_PCI6x1_write_prio_debug,0,8208,backward,NDP_OP,0
GPU_1_Buffer_1,V100_downscaled_HBM2_PCI6x1_write_prio_debug,0,8209,backward,fusion_92,217115
GPU_1_Buffer_1,V100_downscaled_HBM2_PCI6x1_write_prio_debug,0,8209,backward,NDP_OP,0
GPU_1_Buffer_1,V100_downscaled_HBM2_PCI6x1_write_prio_debug,0,8210,backward,turing_fp16_s1688gemm_fp16_128x128_ldg8_f2f_tn,7621303
GPU_1_Buffer_1,V100_downscaled_HBM2_PCI6x1_write_prio_debug,0,8210,backward,NDP_OP,0
GPU_1_Buffer_1,V100_downscaled_HBM2_PCI6x1_write_prio_debug,0,8211,backward,fusion_102,657217
GPU_1_Buffer_1,V100_downscaled_HBM2_PCI6x1_write_prio_debug,0,8211,backward,NDP_OP,0
GPU_1_Buffer_1,V100_downscaled_HBM2_PCI6x1_write_prio_debug,0,8212,backward,fusion_190,757769
GPU_1_Buffer_1,V100_downscaled_HBM2_PCI6x1_write_prio_debug,0,8212,backward,NDP_OP,0
GPU_1_Buffer_1,V100_downscaled_HBM2_PCI6x1_write_prio_debug,0,8213,backward,fusion_3,6268
GPU_1_Buffer_1,V100_downscaled_HBM2_PCI6x1_write_prio_debug,0,8213,backward,NDP_OP,0
GPU_1_Buffer_1,V100_downscaled_HBM2_PCI6x1_write_prio_debug,0,8214,backward,fusion_3__1,869360
GPU_1_Buffer_1,V100_downscaled_HBM2_PCI6x1_write_prio_debug,0,8214,backward,NDP_OP,0
GPU_1_Buffer_1,V100_downscaled_HBM2_PCI6x1_write_prio_debug,0,8215,backward,fusion_191,2078625
GPU_1_Buffer_1,V100_downscaled_HBM2_PCI6x1_write_prio_debug,0,8215,backward,NDP_OP,0
GPU_1_Buffer_1,V100_downscaled_HBM2_PCI6x1_write_prio_debug,0,8216,backward,log_997,10300
GPU_1_Buffer_1,V100_downscaled_HBM2_PCI6x1_write_prio_debug,0,8216,backward,NDP_OP,0
GPU_1_Buffer_1,V100_downscaled_HBM2_PCI6x1_write_prio_debug,0,8217,backward,fusion_7,623259
GPU_1_Buffer_1,V100_downscaled_HBM2_PCI6x1_write_prio_debug,0,8217,backward,NDP_OP,0
GPU_1_Buffer_1,V100_downscaled_HBM2_PCI6x1_write_prio_debug,0,8218,backward,fusion_2,18638
GPU_1_Buffer_1,V100_downscaled_HBM2_PCI6x1_write_prio_debug,0,8218,backward,NDP_OP,0
GPU_1_Buffer_1,V100_downscaled_HBM2_PCI6x1_write_prio_debug,0,8219,backward,fusion,9148
GPU_1_Buffer_1,V100_downscaled_HBM2_PCI6x1_write_prio_debug,0,8219,backward,NDP_OP,0
GPU_1_Buffer_1,V100_downscaled_HBM2_PCI6x1_write_prio_debug,0,8220,backward,fusion_15,2057802
GPU_1_Buffer_1,V100_downscaled_HBM2_PCI6x1_write_prio_debug,0,8220,backward,NDP_OP,0
GPU_1_Buffer_1,V100_downscaled_HBM2_PCI6x1_write_prio_debug,0,8221,backward,fusion_182,1704689
GPU_1_Buffer_1,V100_downscaled_HBM2_PCI6x1_write_prio_debug,0,8221,backward,NDP_OP,0
GPU_1_Buffer_1,V100_downscaled_HBM2_PCI6x1_write_prio_debug,0,8222,backward,turing_fp16_s1688gemm_fp16_128x128_ldg8_f2f_nn,4181082
GPU_1_Buffer_1,V100_downscaled_HBM2_PCI6x1_write_prio_debug,0,8222,backward,NDP_OP,0
GPU_1_Buffer_1,V100_downscaled_HBM2_PCI6x1_write_prio_debug,0,8223,backward,turing_fp16_s1688gemm_fp16_128x128_ldg8_f2f_nt,2766204
GPU_1_Buffer_1,V100_downscaled_HBM2_PCI6x1_write_prio_debug,0,8223,backward,NDP_OP,0
GPU_1_Buffer_1,V100_downscaled_HBM2_PCI6x1_write_prio_debug,0,8224,backward,fusion_95,52872
GPU_1_Buffer_1,V100_downscaled_HBM2_PCI6x1_write_prio_debug,0,8224,backward,NDP_OP,0
GPU_1_Buffer_1,V100_downscaled_HBM2_PCI6x1_write_prio_debug,0,8225,backward,fusion_11,124709
GPU_1_Buffer_1,V100_downscaled_HBM2_PCI6x1_write_prio_debug,0,8225,backward,NDP_OP,0
GPU_1_Buffer_1,V100_downscaled_HBM2_PCI6x1_write_prio_debug,0,8226,backward,turing_fp16_s1688gemm_fp16_128x128_ldg8_f2f_nt,104300
GPU_1_Buffer_1,V100_downscaled_HBM2_PCI6x1_write_prio_debug,0,8226,backward,NDP_OP,0
GPU_1_Buffer_1,V100_downscaled_HBM2_PCI6x1_write_prio_debug,0,8227,backward,turing_fp16_s1688gemm_fp16_128x128_ldg8_f2f_tn,141550
GPU_1_Buffer_1,V100_downscaled_HBM2_PCI6x1_write_prio_debug,0,8227,backward,NDP_OP,0
GPU_1_Buffer_1,V100_downscaled_HBM2_PCI6x1_write_prio_debug,0,8228,backward,fusion_93,83799
GPU_1_Buffer_1,V100_downscaled_HBM2_PCI6x1_write_prio_debug,0,8228,backward,NDP_OP,0
GPU_1_Buffer_1,V100_downscaled_HBM2_PCI6x1_write_prio_debug,0,8229,backward,fusion_93__1,81243
GPU_1_Buffer_1,V100_downscaled_HBM2_PCI6x1_write_prio_debug,0,8229,backward,NDP_OP,0
GPU_1_Buffer_1,V100_downscaled_HBM2_PCI6x1_write_prio_debug,0,8230,backward,convert_7,335482
GPU_1_Buffer_1,V100_downscaled_HBM2_PCI6x1_write_prio_debug,0,8230,backward,NDP_OP,0
GPU_1_Buffer_1,V100_downscaled_HBM2_PCI6x1_write_prio_debug,0,8231,backward,turing_fp16_s1688gemm_fp16_256x128_ldg8_f2f_nt,2812595
GPU_1_Buffer_1,V100_downscaled_HBM2_PCI6x1_write_prio_debug,0,8231,backward,NDP_OP,0
GPU_1_Buffer_1,V100_downscaled_HBM2_PCI6x1_write_prio_debug,0,8232,backward,turing_fp16_s1688gemm_fp16_128x128_ldg8_f2f_tn,4657904
GPU_1_Buffer_1,V100_downscaled_HBM2_PCI6x1_write_prio_debug,0,8232,backward,NDP_OP,0
GPU_1_Buffer_1,V100_downscaled_HBM2_PCI6x1_write_prio_debug,0,8233,backward,fusion_91,2050243
GPU_1_Buffer_1,V100_downscaled_HBM2_PCI6x1_write_prio_debug,0,8233,backward,NDP_OP,0
GPU_1_Buffer_1,V100_downscaled_HBM2_PCI6x1_write_prio_debug,0,8234,backward,fusion_90,839509
GPU_1_Buffer_1,V100_downscaled_HBM2_PCI6x1_write_prio_debug,0,8234,backward,NDP_OP,0
GPU_1_Buffer_1,V100_downscaled_HBM2_PCI6x1_write_prio_debug,0,8235,backward,fusion_89,6788
GPU_1_Buffer_1,V100_downscaled_HBM2_PCI6x1_write_prio_debug,0,8235,backward,NDP_OP,0
GPU_1_Buffer_1,V100_downscaled_HBM2_PCI6x1_write_prio_debug,0,8236,backward,turing_fp16_s1688gemm_fp16_128x128_ldg8_f2f_tn,2936713
GPU_1_Buffer_1,V100_downscaled_HBM2_PCI6x1_write_prio_debug,0,8236,backward,NDP_OP,0
GPU_1_Buffer_1,V100_downscaled_HBM2_PCI6x1_write_prio_debug,0,8237,backward,fusion_85,295578
GPU_1_Buffer_1,V100_downscaled_HBM2_PCI6x1_write_prio_debug,0,8237,backward,NDP_OP,0
GPU_1_Buffer_1,V100_downscaled_HBM2_PCI6x1_write_prio_debug,0,8238,backward,turing_fp16_s1688gemm_fp16_128x256_ldg8_f2f_nt,955805
GPU_1_Buffer_1,V100_downscaled_HBM2_PCI6x1_write_prio_debug,0,8238,backward,NDP_OP,0
GPU_1_Buffer_1,V100_downscaled_HBM2_PCI6x1_write_prio_debug,0,8239,backward,turing_fp16_s1688gemm_fp16_128x128_ldg8_f2f_tn,608408
GPU_1_Buffer_1,V100_downscaled_HBM2_PCI6x1_write_prio_debug,0,8239,backward,NDP_OP,751
GPU_1_Buffer_1,V100_downscaled_HBM2_PCI6x1_write_prio_debug,0,8240,backward,fusion_19,25309
GPU_1_Buffer_1,V100_downscaled_HBM2_PCI6x1_write_prio_debug,0,8240,backward,NDP_OP,0
GPU_1_Buffer_1,V100_downscaled_HBM2_PCI6x1_write_prio_debug,0,8241,backward,fusion_70,351677
GPU_1_Buffer_1,V100_downscaled_HBM2_PCI6x1_write_prio_debug,0,8241,backward,NDP_OP,0
GPU_1_Buffer_1,V100_downscaled_HBM2_PCI6x1_write_prio_debug,0,8242,backward,turing_fp16_s884gemm_fp16_64x64_ldg8_f2f_nn,1448374
GPU_1_Buffer_1,V100_downscaled_HBM2_PCI6x1_write_prio_debug,0,8242,backward,NDP_OP,0
GPU_1_Buffer_1,V100_downscaled_HBM2_PCI6x1_write_prio_debug,0,8243,backward,fusion_161,230781
GPU_1_Buffer_1,V100_downscaled_HBM2_PCI6x1_write_prio_debug,0,8243,backward,NDP_OP,0
GPU_1_Buffer_1,V100_downscaled_HBM2_PCI6x1_write_prio_debug,0,8244,backward,fusion_185,112383
GPU_1_Buffer_1,V100_downscaled_HBM2_PCI6x1_write_prio_debug,0,8244,backward,NDP_OP,0
GPU_1_Buffer_1,V100_downscaled_HBM2_PCI6x1_write_prio_debug,0,8245,backward,fusion_68,6769
GPU_1_Buffer_1,V100_downscaled_HBM2_PCI6x1_write_prio_debug,0,8245,backward,NDP_OP,0
GPU_1_Buffer_1,V100_downscaled_HBM2_PCI6x1_write_prio_debug,0,8246,backward,fusion_63,348556
GPU_1_Buffer_1,V100_downscaled_HBM2_PCI6x1_write_prio_debug,0,8246,backward,NDP_OP,0
GPU_1_Buffer_1,V100_downscaled_HBM2_PCI6x1_write_prio_debug,0,8247,backward,turing_fp16_s1688gemm_fp16_128x128_ldg8_f2f_tn,549332
GPU_1_Buffer_1,V100_downscaled_HBM2_PCI6x1_write_prio_debug,0,8247,backward,NDP_OP,0
GPU_1_Buffer_1,V100_downscaled_HBM2_PCI6x1_write_prio_debug,0,8248,backward,fusion_21,354183
GPU_1_Buffer_1,V100_downscaled_HBM2_PCI6x1_write_prio_debug,0,8248,backward,NDP_OP,0
GPU_1_Buffer_1,V100_downscaled_HBM2_PCI6x1_write_prio_debug,0,8249,backward,turing_fp16_s1688gemm_fp16_128x128_ldg8_f2f_nn,897090
GPU_1_Buffer_1,V100_downscaled_HBM2_PCI6x1_write_prio_debug,0,8249,backward,NDP_OP,0
GPU_1_Buffer_1,V100_downscaled_HBM2_PCI6x1_write_prio_debug,0,8250,backward,fusion_20,25423
GPU_1_Buffer_1,V100_downscaled_HBM2_PCI6x1_write_prio_debug,0,8250,backward,NDP_OP,0
GPU_1_Buffer_1,V100_downscaled_HBM2_PCI6x1_write_prio_debug,0,8251,backward,fusion_88,768220
GPU_1_Buffer_1,V100_downscaled_HBM2_PCI6x1_write_prio_debug,0,8251,backward,NDP_OP,0
GPU_1_Buffer_1,V100_downscaled_HBM2_PCI6x1_write_prio_debug,0,8252,backward,turing_fp16_s1688gemm_fp16_128x128_ldg8_f2f_nt,4523518
GPU_1_Buffer_1,V100_downscaled_HBM2_PCI6x1_write_prio_debug,0,8252,backward,NDP_OP,0
GPU_1_Buffer_1,V100_downscaled_HBM2_PCI6x1_write_prio_debug,0,8253,backward,turing_fp16_s884gemm_fp16_64x64_ldg8_f2f_nn,1304415
GPU_1_Buffer_1,V100_downscaled_HBM2_PCI6x1_write_prio_debug,0,8253,backward,NDP_OP,0
GPU_1_Buffer_1,V100_downscaled_HBM2_PCI6x1_write_prio_debug,0,8254,backward,fusion_81,5616972
GPU_1_Buffer_1,V100_downscaled_HBM2_PCI6x1_write_prio_debug,0,8254,backward,NDP_OP,0
GPU_1_Buffer_1,V100_downscaled_HBM2_PCI6x1_write_prio_debug,0,8255,backward,reduce_7,1910432
GPU_1_Buffer_1,V100_downscaled_HBM2_PCI6x1_write_prio_debug,0,8255,backward,NDP_OP,0
GPU_1_Buffer_1,V100_downscaled_HBM2_PCI6x1_write_prio_debug,0,8256,backward,fusion_80,4514538
GPU_1_Buffer_1,V100_downscaled_HBM2_PCI6x1_write_prio_debug,0,8256,backward,NDP_OP,0
GPU_1_Buffer_1,V100_downscaled_HBM2_PCI6x1_write_prio_debug,0,8257,backward,turing_fp16_s884gemm_fp16_64x64_ldg8_f2f_nn,1923944
GPU_1_Buffer_1,V100_downscaled_HBM2_PCI6x1_write_prio_debug,0,8257,backward,NDP_OP,0
GPU_1_Buffer_1,V100_downscaled_HBM2_PCI6x1_write_prio_debug,0,8258,backward,turing_fp16_s884gemm_fp16_64x64_ldg8_f2f_nt,1382339
GPU_1_Buffer_1,V100_downscaled_HBM2_PCI6x1_write_prio_debug,0,8258,backward,NDP_OP,0
GPU_1_Buffer_1,V100_downscaled_HBM2_PCI6x1_write_prio_debug,0,8259,backward,fusion_183,131977
GPU_1_Buffer_1,V100_downscaled_HBM2_PCI6x1_write_prio_debug,0,8259,backward,NDP_OP,0
GPU_1_Buffer_1,V100_downscaled_HBM2_PCI6x1_write_prio_debug,0,8260,backward,fusion_77,10124
GPU_1_Buffer_1,V100_downscaled_HBM2_PCI6x1_write_prio_debug,0,8260,backward,NDP_OP,0
GPU_1_Buffer_1,V100_downscaled_HBM2_PCI6x1_write_prio_debug,0,8261,backward,fusion_184,134554
GPU_1_Buffer_1,V100_downscaled_HBM2_PCI6x1_write_prio_debug,0,8261,backward,NDP_OP,0
GPU_1_Buffer_1,V100_downscaled_HBM2_PCI6x1_write_prio_debug,0,8262,backward,fusion_73,10124
GPU_1_Buffer_1,V100_downscaled_HBM2_PCI6x1_write_prio_debug,0,8262,backward,NDP_OP,0
GPU_1_Buffer_1,V100_downscaled_HBM2_PCI6x1_write_prio_debug,0,8263,backward,fusion_67,222212
GPU_1_Buffer_1,V100_downscaled_HBM2_PCI6x1_write_prio_debug,0,8263,backward,NDP_OP,0
GPU_1_Buffer_1,V100_downscaled_HBM2_PCI6x1_write_prio_debug,0,8264,backward,turing_fp16_s1688gemm_fp16_128x128_ldg8_f2f_tn,534633
GPU_1_Buffer_1,V100_downscaled_HBM2_PCI6x1_write_prio_debug,0,8264,backward,NDP_OP,0
GPU_1_Buffer_1,V100_downscaled_HBM2_PCI6x1_write_prio_debug,0,8265,backward,fusion_76,512448
GPU_1_Buffer_1,V100_downscaled_HBM2_PCI6x1_write_prio_debug,0,8265,backward,NDP_OP,0
GPU_1_Buffer_1,V100_downscaled_HBM2_PCI6x1_write_prio_debug,0,8266,backward,turing_fp16_s1688gemm_fp16_128x128_ldg8_f2f_nn,928737
GPU_1_Buffer_1,V100_downscaled_HBM2_PCI6x1_write_prio_debug,0,8266,backward,NDP_OP,0
GPU_1_Buffer_1,V100_downscaled_HBM2_PCI6x1_write_prio_debug,0,8267,backward,fusion_75,25448
GPU_1_Buffer_1,V100_downscaled_HBM2_PCI6x1_write_prio_debug,0,8267,backward,NDP_OP,0
GPU_1_Buffer_1,V100_downscaled_HBM2_PCI6x1_write_prio_debug,0,8268,backward,fusion_65,223646
GPU_1_Buffer_1,V100_downscaled_HBM2_PCI6x1_write_prio_debug,0,8268,backward,NDP_OP,0
GPU_1_Buffer_1,V100_downscaled_HBM2_PCI6x1_write_prio_debug,0,8269,backward,turing_fp16_s1688gemm_fp16_128x128_ldg8_f2f_tn,537033
GPU_1_Buffer_1,V100_downscaled_HBM2_PCI6x1_write_prio_debug,0,8269,backward,NDP_OP,0
GPU_1_Buffer_1,V100_downscaled_HBM2_PCI6x1_write_prio_debug,0,8270,backward,turing_fp16_s1688gemm_fp16_256x128_ldg8_f2f_nt,2885589
GPU_1_Buffer_1,V100_downscaled_HBM2_PCI6x1_write_prio_debug,0,8270,backward,NDP_OP,0
GPU_1_Buffer_1,V100_downscaled_HBM2_PCI6x1_write_prio_debug,0,8271,backward,fusion_72,506831
GPU_1_Buffer_1,V100_downscaled_HBM2_PCI6x1_write_prio_debug,0,8271,backward,NDP_OP,0
GPU_1_Buffer_1,V100_downscaled_HBM2_PCI6x1_write_prio_debug,0,8272,backward,turing_fp16_s1688gemm_fp16_128x128_ldg8_f2f_nn,917753
GPU_1_Buffer_1,V100_downscaled_HBM2_PCI6x1_write_prio_debug,0,8272,backward,NDP_OP,0
GPU_1_Buffer_1,V100_downscaled_HBM2_PCI6x1_write_prio_debug,0,8273,backward,fusion_71,25357
GPU_1_Buffer_1,V100_downscaled_HBM2_PCI6x1_write_prio_debug,0,8273,backward,NDP_OP,0
GPU_1_Buffer_1,V100_downscaled_HBM2_PCI6x1_write_prio_debug,0,8274,backward,turing_fp16_s1688gemm_fp16_128x128_ldg8_f2f_tn,4611472
GPU_1_Buffer_1,V100_downscaled_HBM2_PCI6x1_write_prio_debug,0,8274,backward,NDP_OP,0
GPU_1_Buffer_1,V100_downscaled_HBM2_PCI6x1_write_prio_debug,0,8275,backward,fusion_61,2024759
GPU_1_Buffer_1,V100_downscaled_HBM2_PCI6x1_write_prio_debug,0,8275,backward,NDP_OP,0
GPU_1_Buffer_1,V100_downscaled_HBM2_PCI6x1_write_prio_debug,0,8276,backward,fusion_60,834813
GPU_1_Buffer_1,V100_downscaled_HBM2_PCI6x1_write_prio_debug,0,8276,backward,NDP_OP,0
GPU_1_Buffer_1,V100_downscaled_HBM2_PCI6x1_write_prio_debug,0,8277,backward,fusion_59,6797
GPU_1_Buffer_1,V100_downscaled_HBM2_PCI6x1_write_prio_debug,0,8277,backward,NDP_OP,0
GPU_1_Buffer_1,V100_downscaled_HBM2_PCI6x1_write_prio_debug,0,8278,backward,turing_fp16_s1688gemm_fp16_128x128_ldg8_f2f_tn,2924163
GPU_1_Buffer_1,V100_downscaled_HBM2_PCI6x1_write_prio_debug,0,8278,backward,NDP_OP,0
GPU_1_Buffer_1,V100_downscaled_HBM2_PCI6x1_write_prio_debug,0,8279,backward,fusion_57,296075
GPU_1_Buffer_1,V100_downscaled_HBM2_PCI6x1_write_prio_debug,0,8279,backward,NDP_OP,0
GPU_1_Buffer_1,V100_downscaled_HBM2_PCI6x1_write_prio_debug,0,8280,backward,turing_fp16_s1688gemm_fp16_128x256_ldg8_f2f_nt,956828
GPU_1_Buffer_1,V100_downscaled_HBM2_PCI6x1_write_prio_debug,0,8280,backward,NDP_OP,0
GPU_1_Buffer_1,V100_downscaled_HBM2_PCI6x1_write_prio_debug,0,8281,backward,turing_fp16_s1688gemm_fp16_128x128_ldg8_f2f_tn,589704
GPU_1_Buffer_1,V100_downscaled_HBM2_PCI6x1_write_prio_debug,0,8281,backward,NDP_OP,0
GPU_1_Buffer_1,V100_downscaled_HBM2_PCI6x1_write_prio_debug,0,8282,backward,fusion_26,25457
GPU_1_Buffer_1,V100_downscaled_HBM2_PCI6x1_write_prio_debug,0,8282,backward,NDP_OP,0
GPU_1_Buffer_1,V100_downscaled_HBM2_PCI6x1_write_prio_debug,0,8283,backward,fusion_42,353033
GPU_1_Buffer_1,V100_downscaled_HBM2_PCI6x1_write_prio_debug,0,8283,backward,NDP_OP,0
GPU_1_Buffer_1,V100_downscaled_HBM2_PCI6x1_write_prio_debug,0,8284,backward,turing_fp16_s884gemm_fp16_64x64_ldg8_f2f_nn,1448144
GPU_1_Buffer_1,V100_downscaled_HBM2_PCI6x1_write_prio_debug,0,8284,backward,NDP_OP,0
GPU_1_Buffer_1,V100_downscaled_HBM2_PCI6x1_write_prio_debug,0,8285,backward,fusion_160,229704
GPU_1_Buffer_1,V100_downscaled_HBM2_PCI6x1_write_prio_debug,0,8285,backward,NDP_OP,0
GPU_1_Buffer_1,V100_downscaled_HBM2_PCI6x1_write_prio_debug,0,8286,backward,fusion_188,111851
GPU_1_Buffer_1,V100_downscaled_HBM2_PCI6x1_write_prio_debug,0,8286,backward,NDP_OP,0
GPU_1_Buffer_1,V100_downscaled_HBM2_PCI6x1_write_prio_debug,0,8287,backward,fusion_40,6770
GPU_1_Buffer_1,V100_downscaled_HBM2_PCI6x1_write_prio_debug,0,8287,backward,NDP_OP,0
GPU_1_Buffer_1,V100_downscaled_HBM2_PCI6x1_write_prio_debug,0,8288,backward,fusion_35,352375
GPU_1_Buffer_1,V100_downscaled_HBM2_PCI6x1_write_prio_debug,0,8288,backward,NDP_OP,0
GPU_1_Buffer_1,V100_downscaled_HBM2_PCI6x1_write_prio_debug,0,8289,backward,turing_fp16_s1688gemm_fp16_128x128_ldg8_f2f_tn,551236
GPU_1_Buffer_1,V100_downscaled_HBM2_PCI6x1_write_prio_debug,0,8289,backward,NDP_OP,0
GPU_1_Buffer_1,V100_downscaled_HBM2_PCI6x1_write_prio_debug,0,8290,backward,fusion_28,356154
GPU_1_Buffer_1,V100_downscaled_HBM2_PCI6x1_write_prio_debug,0,8290,backward,NDP_OP,0
GPU_1_Buffer_1,V100_downscaled_HBM2_PCI6x1_write_prio_debug,0,8291,backward,turing_fp16_s1688gemm_fp16_128x128_ldg8_f2f_nn,932810
GPU_1_Buffer_1,V100_downscaled_HBM2_PCI6x1_write_prio_debug,0,8291,backward,NDP_OP,0
GPU_1_Buffer_1,V100_downscaled_HBM2_PCI6x1_write_prio_debug,0,8292,backward,fusion_27,25401
GPU_1_Buffer_1,V100_downscaled_HBM2_PCI6x1_write_prio_debug,0,8292,backward,NDP_OP,0
GPU_1_Buffer_1,V100_downscaled_HBM2_PCI6x1_write_prio_debug,0,8293,backward,fusion_58,747422
GPU_1_Buffer_1,V100_downscaled_HBM2_PCI6x1_write_prio_debug,0,8293,backward,NDP_OP,0
GPU_1_Buffer_1,V100_downscaled_HBM2_PCI6x1_write_prio_debug,0,8294,backward,turing_fp16_s1688gemm_fp16_128x128_ldg8_f2f_nt,4529648
GPU_1_Buffer_1,V100_downscaled_HBM2_PCI6x1_write_prio_debug,0,8294,backward,NDP_OP,0
GPU_1_Buffer_1,V100_downscaled_HBM2_PCI6x1_write_prio_debug,0,8295,backward,turing_fp16_s884gemm_fp16_64x64_ldg8_f2f_nn,1300633
GPU_1_Buffer_1,V100_downscaled_HBM2_PCI6x1_write_prio_debug,0,8295,backward,NDP_OP,0
GPU_1_Buffer_1,V100_downscaled_HBM2_PCI6x1_write_prio_debug,0,8296,backward,fusion_53,5622757
GPU_1_Buffer_1,V100_downscaled_HBM2_PCI6x1_write_prio_debug,0,8296,backward,NDP_OP,0
GPU_1_Buffer_1,V100_downscaled_HBM2_PCI6x1_write_prio_debug,0,8297,backward,reduce_11,1913297
GPU_1_Buffer_1,V100_downscaled_HBM2_PCI6x1_write_prio_debug,0,8297,backward,NDP_OP,0
GPU_1_Buffer_1,V100_downscaled_HBM2_PCI6x1_write_prio_debug,0,8298,backward,fusion_52,4488863
GPU_1_Buffer_1,V100_downscaled_HBM2_PCI6x1_write_prio_debug,0,8298,backward,NDP_OP,0
GPU_1_Buffer_1,V100_downscaled_HBM2_PCI6x1_write_prio_debug,0,8299,backward,turing_fp16_s884gemm_fp16_64x64_ldg8_f2f_nn,1919132
GPU_1_Buffer_1,V100_downscaled_HBM2_PCI6x1_write_prio_debug,0,8299,backward,NDP_OP,0
GPU_1_Buffer_1,V100_downscaled_HBM2_PCI6x1_write_prio_debug,0,8300,backward,turing_fp16_s884gemm_fp16_64x64_ldg8_f2f_nt,1362046
GPU_1_Buffer_1,V100_downscaled_HBM2_PCI6x1_write_prio_debug,0,8300,backward,NDP_OP,0
GPU_1_Buffer_1,V100_downscaled_HBM2_PCI6x1_write_prio_debug,0,8301,backward,fusion_186,132244
GPU_1_Buffer_1,V100_downscaled_HBM2_PCI6x1_write_prio_debug,0,8301,backward,NDP_OP,0
GPU_1_Buffer_1,V100_downscaled_HBM2_PCI6x1_write_prio_debug,0,8302,backward,fusion_49,10124
GPU_1_Buffer_1,V100_downscaled_HBM2_PCI6x1_write_prio_debug,0,8302,backward,NDP_OP,0
GPU_1_Buffer_1,V100_downscaled_HBM2_PCI6x1_write_prio_debug,0,8303,backward,fusion_187,131675
GPU_1_Buffer_1,V100_downscaled_HBM2_PCI6x1_write_prio_debug,0,8303,backward,NDP_OP,0
GPU_1_Buffer_1,V100_downscaled_HBM2_PCI6x1_write_prio_debug,0,8304,backward,fusion_45,10124
GPU_1_Buffer_1,V100_downscaled_HBM2_PCI6x1_write_prio_debug,0,8304,backward,NDP_OP,0
GPU_1_Buffer_1,V100_downscaled_HBM2_PCI6x1_write_prio_debug,0,8305,backward,fusion_39,221922
GPU_1_Buffer_1,V100_downscaled_HBM2_PCI6x1_write_prio_debug,0,8305,backward,NDP_OP,0
GPU_1_Buffer_1,V100_downscaled_HBM2_PCI6x1_write_prio_debug,0,8306,backward,turing_fp16_s1688gemm_fp16_128x128_ldg8_f2f_tn,547081
GPU_1_Buffer_1,V100_downscaled_HBM2_PCI6x1_write_prio_debug,0,8306,backward,NDP_OP,0
GPU_1_Buffer_1,V100_downscaled_HBM2_PCI6x1_write_prio_debug,0,8307,backward,fusion_48,517248
GPU_1_Buffer_1,V100_downscaled_HBM2_PCI6x1_write_prio_debug,0,8307,backward,NDP_OP,0
GPU_1_Buffer_1,V100_downscaled_HBM2_PCI6x1_write_prio_debug,0,8308,backward,turing_fp16_s1688gemm_fp16_128x128_ldg8_f2f_nn,913112
GPU_1_Buffer_1,V100_downscaled_HBM2_PCI6x1_write_prio_debug,0,8308,backward,NDP_OP,0
GPU_1_Buffer_1,V100_downscaled_HBM2_PCI6x1_write_prio_debug,0,8309,backward,fusion_47,25415
GPU_1_Buffer_1,V100_downscaled_HBM2_PCI6x1_write_prio_debug,0,8309,backward,NDP_OP,0
GPU_1_Buffer_1,V100_downscaled_HBM2_PCI6x1_write_prio_debug,0,8310,backward,fusion_37,222635
GPU_1_Buffer_1,V100_downscaled_HBM2_PCI6x1_write_prio_debug,0,8310,backward,NDP_OP,0
GPU_1_Buffer_1,V100_downscaled_HBM2_PCI6x1_write_prio_debug,0,8311,backward,turing_fp16_s1688gemm_fp16_128x128_ldg8_f2f_tn,557206
GPU_1_Buffer_1,V100_downscaled_HBM2_PCI6x1_write_prio_debug,0,8311,backward,NDP_OP,0
GPU_1_Buffer_1,V100_downscaled_HBM2_PCI6x1_write_prio_debug,0,8312,backward,fusion_33,829758
GPU_1_Buffer_1,V100_downscaled_HBM2_PCI6x1_write_prio_debug,0,8312,backward,NDP_OP,0
GPU_1_Buffer_1,V100_downscaled_HBM2_PCI6x1_write_prio_debug,0,8313,backward,_ZN5cudnn6detail21bn_bw_1C11_kernel_newIff6float2Li512ELb1ELi1EEEvT0_S3_S3_S3_17cudnnTensorStructPKT_S4_S7_S4_PS5_PKS3_PS3_SB_SA_SA_S3_,11247091
GPU_1_Buffer_1,V100_downscaled_HBM2_PCI6x1_write_prio_debug,0,8313,backward,NDP_OP,0
GPU_1_Buffer_1,V100_downscaled_HBM2_PCI6x1_write_prio_debug,0,8314,backward,fusion_32,291812
GPU_1_Buffer_1,V100_downscaled_HBM2_PCI6x1_write_prio_debug,0,8314,backward,NDP_OP,0
GPU_1_Buffer_1,V100_downscaled_HBM2_PCI6x1_write_prio_debug,0,8315,backward,turing_fp16_s884gemm_fp16_128x64_ldg8_f2f_nt,1260806
GPU_1_Buffer_1,V100_downscaled_HBM2_PCI6x1_write_prio_debug,0,8315,backward,NDP_OP,0
GPU_1_Buffer_1,V100_downscaled_HBM2_PCI6x1_write_prio_debug,0,8316,backward,fusion_44,518327
GPU_1_Buffer_1,V100_downscaled_HBM2_PCI6x1_write_prio_debug,0,8316,backward,NDP_OP,0
GPU_1_Buffer_1,V100_downscaled_HBM2_PCI6x1_write_prio_debug,0,8317,backward,turing_fp16_s1688gemm_fp16_128x128_ldg8_f2f_nn,906869
GPU_1_Buffer_1,V100_downscaled_HBM2_PCI6x1_write_prio_debug,0,8317,backward,NDP_OP,0
GPU_1_Buffer_1,V100_downscaled_HBM2_PCI6x1_write_prio_debug,0,8318,backward,fusion_43,25230
GPU_1_Buffer_1,V100_downscaled_HBM2_PCI6x1_write_prio_debug,0,8318,backward,NDP_OP,0
GPU_1_Buffer_1,V100_downscaled_HBM2_PCI6x1_write_prio_debug,0,8319,backward,fusion_31,187718
GPU_1_Buffer_1,V100_downscaled_HBM2_PCI6x1_write_prio_debug,0,8319,backward,NDP_OP,0
GPU_1_Buffer_1,V100_downscaled_HBM2_PCI6x1_write_prio_debug,0,8320,backward,fusion_14,1054308
GPU_1_Buffer_1,V100_downscaled_HBM2_PCI6x1_write_prio_debug,0,8320,backward,NDP_OP,0
GPU_1_Buffer_1,V100_downscaled_HBM2_PCI6x1_write_prio_debug,0,8321,backward,fusion_14__1,246642
GPU_1_Buffer_1,V100_downscaled_HBM2_PCI6x1_write_prio_debug,0,8321,backward,NDP_OP,0
